t0,t1,t2,t3,t4,patience,mrr10,mean_batch_latency_ms,exit_count_0,exit_count_1,exit_count_2,exit_count_3,exit_count_4,exit_count_5
0.5,0.1,0.001,0.001,0.001,2,0.46519694297472075,15.858724470138549,0,46711,0,98,297,1742
0.5,0.1,0.001,0.001,0.003,2,0.46519694297472075,15.875649919509888,0,46711,0,98,305,1734
0.5,0.1,0.001,0.001,0.01,2,0.46519694297472075,15.894083604812622,0,46711,0,98,309,1730
0.5,0.1,0.001,0.001,0.03,2,0.46519694297472075,15.949913892745972,0,46711,0,98,309,1730
0.5,0.1,0.001,0.001,0.1,2,0.46519694297472075,15.908716135025024,0,46711,0,98,309,1730
0.5,0.1,0.001,0.001,0.3,2,0.46519694297472075,15.89551902770996,0,46711,0,98,309,1730
0.5,0.1,0.001,0.001,0.5,2,0.46519694297472075,15.919761924743652,0,46711,0,98,309,1730
0.5,0.1,0.001,0.003,0.001,2,0.46519694297472075,15.911781778335572,0,46711,0,98,462,1577
0.5,0.1,0.001,0.003,0.003,2,0.46519694297472075,16.02104322433472,0,46711,0,98,503,1536
0.5,0.1,0.001,0.003,0.01,2,0.46519694297472075,15.926225929260253,0,46711,0,98,514,1525
0.5,0.1,0.001,0.003,0.03,2,0.46519694297472075,15.91518370628357,0,46711,0,98,516,1523
0.5,0.1,0.001,0.003,0.1,2,0.46519694297472075,15.902492542266845,0,46711,0,98,519,1520
0.5,0.1,0.001,0.003,0.3,2,0.46519694297472075,15.923801727294922,0,46711,0,98,519,1520
0.5,0.1,0.001,0.003,0.5,2,0.46519694297472075,15.908812522888184,0,46711,0,98,519,1520
0.5,0.1,0.001,0.01,0.001,2,0.46519694297472075,15.898158054351807,0,46711,0,98,606,1433
0.5,0.1,0.001,0.01,0.003,2,0.46519694297472075,15.91068953514099,0,46711,0,98,735,1304
0.5,0.1,0.001,0.01,0.01,2,0.46519694297472075,15.89669729232788,0,46711,0,98,788,1251
0.5,0.1,0.001,0.01,0.03,2,0.46519694297472075,15.891980762481689,0,46711,0,98,803,1236
0.5,0.1,0.001,0.01,0.1,2,0.46519694297472075,15.907201929092407,0,46711,0,98,811,1228
0.5,0.1,0.001,0.01,0.3,2,0.46519694297472075,15.899365758895874,0,46711,0,98,812,1227
0.5,0.1,0.001,0.01,0.5,2,0.46519694297472075,15.907206764221192,0,46711,0,98,812,1227
0.5,0.1,0.001,0.03,0.001,2,0.46519694297472075,15.905347185134888,0,46711,0,98,658,1381
0.5,0.1,0.001,0.03,0.003,2,0.46519694297472075,15.903080005645752,0,46711,0,98,877,1162
0.5,0.1,0.001,0.03,0.01,2,0.46519694297472075,15.891279649734496,0,46711,0,98,1022,1017
0.5,0.1,0.001,0.03,0.03,2,0.46519694297472075,15.877690620422364,0,46711,0,98,1092,947
0.5,0.1,0.001,0.03,0.1,2,0.46519694297472075,15.878109178543092,0,46711,0,98,1118,921
0.5,0.1,0.001,0.03,0.3,2,0.46519694297472075,15.888425874710084,0,46711,0,98,1120,919
0.5,0.1,0.001,0.03,0.5,2,0.46519694297472075,16.021721935272218,0,46711,0,98,1120,919
0.5,0.1,0.001,0.1,0.001,2,0.46519694297472075,15.911263055801392,0,46711,0,98,668,1371
0.5,0.1,0.001,0.1,0.003,2,0.46519694297472075,15.9042476272583,0,46711,0,98,927,1112
0.5,0.1,0.001,0.1,0.01,2,0.46519694297472075,15.861378841400146,0,46711,0,98,1169,870
0.5,0.1,0.001,0.1,0.03,2,0.46519694297472075,15.847463665008545,0,46711,0,98,1339,700
0.5,0.1,0.001,0.1,0.1,2,0.4628821281599059,15.90227843284607,0,46711,0,98,1444,595
0.5,0.1,0.001,0.1,0.3,2,0.46262492651381537,15.820838403701782,0,46711,0,98,1475,564
0.5,0.1,0.001,0.1,0.5,2,0.46262492651381537,15.831573457717896,0,46711,0,98,1481,558
0.5,0.1,0.001,0.3,0.001,2,0.46519694297472075,15.905737905502319,0,46711,0,98,668,1371
0.5,0.1,0.001,0.3,0.003,2,0.46519694297472075,15.91366686820984,0,46711,0,98,928,1111
0.5,0.1,0.001,0.3,0.01,2,0.46519694297472075,15.866632986068726,0,46711,0,98,1181,858
0.5,0.1,0.001,0.3,0.03,2,0.46519694297472075,15.857089576721192,0,46711,0,98,1393,646
0.5,0.1,0.001,0.3,0.1,2,0.46133891828336276,15.82721450805664,0,46711,0,98,1590,449
0.5,0.1,0.001,0.3,0.3,2,0.459538506760729,15.798823652267457,0,46711,0,98,1729,310
0.5,0.1,0.001,0.3,0.5,2,0.459538506760729,15.7783855342865,0,46711,0,98,1771,268
0.5,0.1,0.001,0.5,0.001,2,0.46519694297472075,15.904308834075927,0,46711,0,98,668,1371
0.5,0.1,0.001,0.5,0.003,2,0.46519694297472075,15.903705606460571,0,46711,0,98,928,1111
0.5,0.1,0.001,0.5,0.01,2,0.46519694297472075,15.869614362716675,0,46711,0,98,1181,858
0.5,0.1,0.001,0.5,0.03,2,0.46519694297472075,15.861409912109375,0,46711,0,98,1394,645
0.5,0.1,0.001,0.5,0.1,2,0.46133891828336276,15.832771854400635,0,46711,0,98,1600,439
0.5,0.1,0.001,0.5,0.3,2,0.459538506760729,15.801232032775879,0,46711,0,98,1779,260
0.5,0.1,0.001,0.5,0.5,2,0.459538506760729,15.75448226928711,0,46711,0,98,1874,165
0.5,0.1,0.003,0.001,0.001,2,0.46519694297472075,15.919636125564574,0,46711,0,202,198,1737
0.5,0.1,0.003,0.001,0.003,2,0.46519694297472075,15.920566759109498,0,46711,0,202,203,1732
0.5,0.1,0.003,0.001,0.01,2,0.46519694297472075,15.980163192749023,0,46711,0,202,205,1730
0.5,0.1,0.003,0.001,0.03,2,0.46519694297472075,15.933008003234864,0,46711,0,202,205,1730
0.5,0.1,0.003,0.001,0.1,2,0.46519694297472075,15.93559428215027,0,46711,0,202,205,1730
0.5,0.1,0.003,0.001,0.3,2,0.46519694297472075,15.926595554351806,0,46711,0,202,205,1730
0.5,0.1,0.003,0.001,0.5,2,0.46519694297472075,15.923351402282714,0,46711,0,202,205,1730
0.5,0.1,0.003,0.003,0.001,2,0.46519694297472075,16.1114918422699,0,46711,0,204,362,1571
0.5,0.1,0.003,0.003,0.003,2,0.46519694297472075,15.94652226448059,0,46711,0,204,399,1534
0.5,0.1,0.003,0.003,0.01,2,0.46519694297472075,15.929550724029541,0,46711,0,204,408,1525
0.5,0.1,0.003,0.003,0.03,2,0.46519694297472075,15.937828788757324,0,46711,0,204,410,1523
0.5,0.1,0.003,0.003,0.1,2,0.46519694297472075,15.930240602493287,0,46711,0,204,413,1520
0.5,0.1,0.003,0.003,0.3,2,0.46519694297472075,15.937277431488036,0,46711,0,204,413,1520
0.5,0.1,0.003,0.003,0.5,2,0.46519694297472075,15.931066570281983,0,46711,0,204,413,1520
0.5,0.1,0.003,0.01,0.001,2,0.46519694297472075,15.917563228607177,0,46711,0,206,504,1427
0.5,0.1,0.003,0.01,0.003,2,0.46519694297472075,15.938260488510132,0,46711,0,206,629,1302
0.5,0.1,0.003,0.01,0.01,2,0.46519694297472075,15.920622358322143,0,46711,0,206,680,1251
0.5,0.1,0.003,0.01,0.03,2,0.46519694297472075,15.924474258422851,0,46711,0,206,695,1236
0.5,0.1,0.003,0.01,0.1,2,0.46519694297472075,15.92264645576477,0,46711,0,206,703,1228
0.5,0.1,0.003,0.01,0.3,2,0.46519694297472075,15.916385927200317,0,46711,0,206,704,1227
0.5,0.1,0.003,0.01,0.5,2,0.46519694297472075,15.910892534255982,0,46711,0,206,704,1227
0.5,0.1,0.003,0.03,0.001,2,0.46519694297472075,15.930277051925659,0,46711,0,206,556,1375
0.5,0.1,0.003,0.03,0.003,2,0.46519694297472075,15.913039979934693,0,46711,0,206,771,1160
0.5,0.1,0.003,0.03,0.01,2,0.46519694297472075,15.904948177337646,0,46711,0,206,914,1017
0.5,0.1,0.003,0.03,0.03,2,0.46519694297472075,15.893367681503296,0,46711,0,206,984,947
0.5,0.1,0.003,0.03,0.1,2,0.46519694297472075,15.908215665817261,0,46711,0,206,1010,921
0.5,0.1,0.003,0.03,0.3,2,0.46519694297472075,15.989756507873535,0,46711,0,206,1012,919
0.5,0.1,0.003,0.03,0.5,2,0.46519694297472075,15.924316120147704,0,46711,0,206,1012,919
0.5,0.1,0.003,0.1,0.001,2,0.46519694297472075,15.926948547363281,0,46711,0,206,566,1365
0.5,0.1,0.003,0.1,0.003,2,0.46519694297472075,15.927542123794556,0,46711,0,206,821,1110
0.5,0.1,0.003,0.1,0.01,2,0.46519694297472075,15.887722463607789,0,46711,0,206,1061,870
0.5,0.1,0.003,0.1,0.03,2,0.46519694297472075,15.881216640472411,0,46711,0,206,1231,700
0.5,0.1,0.003,0.1,0.1,2,0.4628821281599059,15.87570273399353,0,46711,0,206,1336,595
0.5,0.1,0.003,0.1,0.3,2,0.46262492651381537,15.88150429725647,0,46711,0,206,1367,564
0.5,0.1,0.003,0.1,0.5,2,0.46262492651381537,15.867847404479981,0,46711,0,206,1373,558
0.5,0.1,0.003,0.3,0.001,2,0.46519694297472075,15.934203510284425,0,46711,0,206,566,1365
0.5,0.1,0.003,0.3,0.003,2,0.46519694297472075,15.940025997161865,0,46711,0,206,822,1109
0.5,0.1,0.003,0.3,0.01,2,0.46519694297472075,15.900014991760253,0,46711,0,206,1073,858
0.5,0.1,0.003,0.3,0.03,2,0.46519694297472075,15.886631984710693,0,46711,0,206,1285,646
0.5,0.1,0.003,0.3,0.1,2,0.46133891828336276,15.882929630279541,0,46711,0,206,1482,449
0.5,0.1,0.003,0.3,0.3,2,0.459538506760729,15.848802862167359,0,46711,0,206,1621,310
0.5,0.1,0.003,0.3,0.5,2,0.459538506760729,15.806410217285157,0,46711,0,206,1663,268
0.5,0.1,0.003,0.5,0.001,2,0.46519694297472075,15.925947551727296,0,46711,0,206,566,1365
0.5,0.1,0.003,0.5,0.003,2,0.46519694297472075,15.940745582580567,0,46711,0,206,822,1109
0.5,0.1,0.003,0.5,0.01,2,0.46519694297472075,15.896873359680177,0,46711,0,206,1073,858
0.5,0.1,0.003,0.5,0.03,2,0.46519694297472075,15.911542682647704,0,46711,0,206,1286,645
0.5,0.1,0.003,0.5,0.1,2,0.46133891828336276,15.87864155769348,0,46711,0,206,1492,439
0.5,0.1,0.003,0.5,0.3,2,0.459538506760729,15.841726760864258,0,46711,0,206,1671,260
0.5,0.1,0.003,0.5,0.5,2,0.459538506760729,15.783486375808716,0,46711,0,206,1766,165
0.5,0.1,0.01,0.001,0.001,2,0.46519694297472075,15.902989721298217,0,46711,0,311,94,1732
0.5,0.1,0.01,0.001,0.003,2,0.46519694297472075,15.94739870071411,0,46711,0,311,96,1730
0.5,0.1,0.01,0.001,0.01,2,0.46519694297472075,15.912927942276001,0,46711,0,311,96,1730
0.5,0.1,0.01,0.001,0.03,2,0.46519694297472075,15.890054368972779,0,46711,0,311,96,1730
0.5,0.1,0.01,0.001,0.1,2,0.46519694297472075,15.91028925895691,0,46711,0,311,96,1730
0.5,0.1,0.01,0.001,0.3,2,0.46519694297472075,15.911806001663209,0,46711,0,311,96,1730
0.5,0.1,0.01,0.001,0.5,2,0.46519694297472075,15.913707494735718,0,46711,0,311,96,1730
0.5,0.1,0.01,0.003,0.001,2,0.46519694297472075,15.889654054641724,0,46711,0,358,222,1557
0.5,0.1,0.01,0.003,0.003,2,0.46519694297472075,15.936880578994751,0,46711,0,358,250,1529
0.5,0.1,0.01,0.003,0.01,2,0.46519694297472075,15.888098249435425,0,46711,0,358,256,1523
0.5,0.1,0.01,0.003,0.03,2,0.46519694297472075,15.897725791931153,0,46711,0,358,258,1521
0.5,0.1,0.01,0.003,0.1,2,0.46519694297472075,15.896428232192994,0,46711,0,358,259,1520
0.5,0.1,0.01,0.003,0.3,2,0.46519694297472075,15.899361019134522,0,46711,0,358,259,1520
0.5,0.1,0.01,0.003,0.5,2,0.46519694297472075,15.903469390869141,0,46711,0,358,259,1520
0.5,0.1,0.01,0.01,0.001,2,0.46519694297472075,15.94356972694397,0,46711,0,376,358,1403
0.5,0.1,0.01,0.01,0.003,2,0.46519694297472075,15.910481185913087,0,46711,0,376,467,1294
0.5,0.1,0.01,0.01,0.01,2,0.46519694297472075,15.92496223449707,0,46711,0,376,512,1249
0.5,0.1,0.01,0.01,0.03,2,0.46519694297472075,15.910989437103272,0,46711,0,376,527,1234
0.5,0.1,0.01,0.01,0.1,2,0.46519694297472075,15.917014436721802,0,46711,0,376,533,1228
0.5,0.1,0.01,0.01,0.3,2,0.46519694297472075,15.90894588470459,0,46711,0,376,534,1227
0.5,0.1,0.01,0.01,0.5,2,0.46519694297472075,15.947863082885743,0,46711,0,376,534,1227
0.5,0.1,0.01,0.03,0.001,2,0.46519694297472075,15.917505321502686,0,46711,0,376,410,1351
0.5,0.1,0.01,0.03,0.003,2,0.46519694297472075,15.916480321884155,0,46711,0,376,609,1152
0.5,0.1,0.01,0.03,0.01,2,0.46519694297472075,15.89039704322815,0,46711,0,376,746,1015
0.5,0.1,0.01,0.03,0.03,2,0.46519694297472075,15.89402331352234,0,46711,0,376,816,945
0.5,0.1,0.01,0.03,0.1,2,0.46519694297472075,16.007533073425293,0,46711,0,376,840,921
0.5,0.1,0.01,0.03,0.3,2,0.46519694297472075,15.91918113708496,0,46711,0,376,842,919
0.5,0.1,0.01,0.03,0.5,2,0.46519694297472075,15.89216516494751,0,46711,0,376,842,919
0.5,0.1,0.01,0.1,0.001,2,0.46519694297472075,15.893915853500367,0,46711,0,376,420,1341
0.5,0.1,0.01,0.1,0.003,2,0.46519694297472075,15.910795822143555,0,46711,0,376,659,1102
0.5,0.1,0.01,0.1,0.01,2,0.46519694297472075,15.868145637512207,0,46711,0,376,893,868
0.5,0.1,0.01,0.1,0.03,2,0.46519694297472075,15.863339538574218,0,46711,0,376,1063,698
0.5,0.1,0.01,0.1,0.1,2,0.4628821281599059,15.88185468673706,0,46711,0,376,1166,595
0.5,0.1,0.01,0.1,0.3,2,0.46262492651381537,15.852445735931397,0,46711,0,376,1197,564
0.5,0.1,0.01,0.1,0.5,2,0.46262492651381537,15.856847057342529,0,46711,0,376,1203,558
0.5,0.1,0.01,0.3,0.001,2,0.46519694297472075,15.91575231552124,0,46711,0,376,420,1341
0.5,0.1,0.01,0.3,0.003,2,0.46519694297472075,15.923106231689452,0,46711,0,376,660,1101
0.5,0.1,0.01,0.3,0.01,2,0.46519694297472075,15.882307567596435,0,46711,0,376,905,856
0.5,0.1,0.01,0.3,0.03,2,0.46519694297472075,15.897917175292969,0,46711,0,376,1117,644
0.5,0.1,0.01,0.3,0.1,2,0.46133891828336276,15.848831672668457,0,46711,0,376,1312,449
0.5,0.1,0.01,0.3,0.3,2,0.459538506760729,15.832762870788574,0,46711,0,376,1451,310
0.5,0.1,0.01,0.3,0.5,2,0.459538506760729,15.80207329750061,0,46711,0,376,1493,268
0.5,0.1,0.01,0.5,0.001,2,0.46519694297472075,15.920835886001587,0,46711,0,376,420,1341
0.5,0.1,0.01,0.5,0.003,2,0.46519694297472075,15.931102724075318,0,46711,0,376,660,1101
0.5,0.1,0.01,0.5,0.01,2,0.46519694297472075,15.913449563980102,0,46711,0,376,905,856
0.5,0.1,0.01,0.5,0.03,2,0.46519694297472075,15.886619491577148,0,46711,0,376,1118,643
0.5,0.1,0.01,0.5,0.1,2,0.46133891828336276,15.855872964859008,0,46711,0,376,1322,439
0.5,0.1,0.01,0.5,0.3,2,0.459538506760729,15.820582056045533,0,46711,0,376,1501,260
0.5,0.1,0.01,0.5,0.5,2,0.459538506760729,15.793365058898926,0,46711,0,376,1596,165
0.5,0.1,0.03,0.001,0.001,2,0.46519694297472075,15.90596035003662,0,46711,0,394,13,1730
0.5,0.1,0.03,0.001,0.003,2,0.46519694297472075,15.86181022644043,0,46711,0,394,13,1730
0.5,0.1,0.03,0.001,0.01,2,0.46519694297472075,15.839760999679566,0,46711,0,394,13,1730
0.5,0.1,0.03,0.001,0.03,2,0.46519694297472075,15.829203834533692,0,46711,0,394,13,1730
0.5,0.1,0.03,0.001,0.1,2,0.46519694297472075,15.81463264465332,0,46711,0,394,13,1730
0.5,0.1,0.03,0.001,0.3,2,0.46519694297472075,15.850903053283691,0,46711,0,394,13,1730
0.5,0.1,0.03,0.001,0.5,2,0.46519694297472075,15.85344096183777,0,46711,0,394,13,1730
0.5,0.1,0.03,0.003,0.001,2,0.46519694297472075,15.932795791625976,0,46711,0,526,73,1538
0.5,0.1,0.03,0.003,0.003,2,0.46519694297472075,15.858865251541138,0,46711,0,526,85,1526
0.5,0.1,0.03,0.003,0.01,2,0.46519694297472075,15.860215053558349,0,46711,0,526,89,1522
0.5,0.1,0.03,0.003,0.03,2,0.46519694297472075,15.86039294242859,0,46711,0,526,91,1520
0.5,0.1,0.03,0.003,0.1,2,0.46519694297472075,15.861675872802735,0,46711,0,526,91,1520
0.5,0.1,0.03,0.003,0.3,2,0.46519694297472075,15.863792896270752,0,46711,0,526,91,1520
0.5,0.1,0.03,0.003,0.5,2,0.46519694297472075,15.90661855697632,0,46711,0,526,91,1520
0.5,0.1,0.03,0.01,0.001,2,0.46519694297472075,15.829117794036865,0,46711,0,634,162,1341
0.5,0.1,0.03,0.01,0.003,2,0.46519694297472075,15.835218858718871,0,46711,0,634,227,1276
0.5,0.1,0.03,0.01,0.01,2,0.46519694297472075,15.867429103851318,0,46711,0,634,258,1245
0.5,0.1,0.03,0.01,0.03,2,0.46519694297472075,15.892450580596924,0,46711,0,634,271,1232
0.5,0.1,0.03,0.01,0.1,2,0.46519694297472075,15.871649560928345,0,46711,0,634,275,1228
0.5,0.1,0.03,0.01,0.3,2,0.46519694297472075,16.00872250556946,0,46711,0,634,276,1227
0.5,0.1,0.03,0.01,0.5,2,0.46519694297472075,15.848703422546386,0,46711,0,634,276,1227
0.5,0.1,0.03,0.03,0.001,2,0.46519694297472075,15.84843846321106,0,46711,0,658,208,1271
0.5,0.1,0.03,0.03,0.003,2,0.46519694297472075,15.853469696044922,0,46711,0,658,360,1119
0.5,0.1,0.03,0.03,0.01,2,0.46519694297472075,15.845452117919923,0,46711,0,658,477,1002
0.5,0.1,0.03,0.03,0.03,2,0.46519694297472075,16.057189092636108,0,46711,0,658,538,941
0.5,0.1,0.03,0.03,0.1,2,0.46519694297472075,15.929665546417237,0,46711,0,658,558,921
0.5,0.1,0.03,0.03,0.3,2,0.46519694297472075,15.962100801467896,0,46711,0,658,560,919
0.5,0.1,0.03,0.03,0.5,2,0.46519694297472075,15.973673648834229,0,46711,0,658,560,919
0.5,0.1,0.03,0.1,0.001,2,0.46519694297472075,15.903066263198852,0,46711,0,660,218,1259
0.5,0.1,0.03,0.1,0.003,2,0.46519694297472075,15.961616621017455,0,46711,0,660,410,1067
0.5,0.1,0.03,0.1,0.01,2,0.46519694297472075,15.855165796279907,0,46711,0,660,623,854
0.5,0.1,0.03,0.1,0.03,2,0.46519694297472075,15.902994279861451,0,46711,0,660,784,693
0.5,0.1,0.03,0.1,0.1,2,0.4628821281599059,15.825931835174561,0,46711,0,660,883,594
0.5,0.1,0.03,0.1,0.3,2,0.46262492651381537,15.81706048965454,0,46711,0,660,913,564
0.5,0.1,0.03,0.1,0.5,2,0.46262492651381537,15.826863374710083,0,46711,0,660,919,558
0.5,0.1,0.03,0.3,0.001,2,0.46519694297472075,15.84993634223938,0,46711,0,662,218,1257
0.5,0.1,0.03,0.3,0.003,2,0.46519694297472075,15.88718116760254,0,46711,0,662,411,1064
0.5,0.1,0.03,0.3,0.01,2,0.46519694297472075,15.888690280914307,0,46711,0,662,635,840
0.5,0.1,0.03,0.3,0.03,2,0.46519694297472075,15.844715528488159,0,46711,0,662,838,637
0.5,0.1,0.03,0.3,0.1,2,0.46133891828336276,15.820806722640992,0,46711,0,662,1027,448
0.5,0.1,0.03,0.3,0.3,2,0.459538506760729,15.80194499015808,0,46711,0,662,1165,310
0.5,0.1,0.03,0.3,0.5,2,0.459538506760729,15.772329969406128,0,46711,0,662,1207,268
0.5,0.1,0.03,0.5,0.001,2,0.46519694297472075,15.856858310699463,0,46711,0,662,218,1257
0.5,0.1,0.03,0.5,0.003,2,0.46519694297472075,15.937748851776123,0,46711,0,662,411,1064
0.5,0.1,0.03,0.5,0.01,2,0.46519694297472075,15.846789073944091,0,46711,0,662,635,840
0.5,0.1,0.03,0.5,0.03,2,0.46519694297472075,15.848212480545044,0,46711,0,662,839,636
0.5,0.1,0.03,0.5,0.1,2,0.46133891828336276,15.817901372909546,0,46711,0,662,1037,438
0.5,0.1,0.03,0.5,0.3,2,0.459538506760729,15.79294753074646,0,46711,0,662,1215,260
0.5,0.1,0.03,0.5,0.5,2,0.459538506760729,15.802985315322877,0,46711,0,662,1310,165
0.5,0.1,0.1,0.001,0.001,2,0.46519694297472075,15.865257577896118,0,46711,0,407,0,1730
0.5,0.1,0.1,0.001,0.003,2,0.46519694297472075,15.842293434143066,0,46711,0,407,0,1730
0.5,0.1,0.1,0.001,0.01,2,0.46519694297472075,15.844702739715576,0,46711,0,407,0,1730
0.5,0.1,0.1,0.001,0.03,2,0.46519694297472075,15.83959680557251,0,46711,0,407,0,1730
0.5,0.1,0.1,0.001,0.1,2,0.46519694297472075,16.000862674713133,0,46711,0,407,0,1730
0.5,0.1,0.1,0.001,0.3,2,0.46519694297472075,15.839486713409423,0,46711,0,407,0,1730
0.5,0.1,0.1,0.001,0.5,2,0.46519694297472075,15.950106544494629,0,46711,0,407,0,1730
0.5,0.1,0.1,0.003,0.001,2,0.46519694297472075,15.827932777404785,0,46711,0,604,7,1526
0.5,0.1,0.1,0.003,0.003,2,0.46519694297472075,15.828887033462525,0,46711,0,604,9,1524
0.5,0.1,0.1,0.003,0.01,2,0.46519694297472075,15.830854482650757,0,46711,0,604,11,1522
0.5,0.1,0.1,0.003,0.03,2,0.46519694297472075,15.82890404701233,0,46711,0,604,13,1520
0.5,0.1,0.1,0.003,0.1,2,0.46519694297472075,15.827592744827271,0,46711,0,604,13,1520
0.5,0.1,0.1,0.003,0.3,2,0.46519694297472075,15.884627799987793,0,46711,0,604,13,1520
0.5,0.1,0.1,0.003,0.5,2,0.46519694297472075,15.818147134780883,0,46711,0,604,13,1520
0.5,0.1,0.1,0.01,0.001,2,0.46519694297472075,15.763078603744507,0,46711,0,846,23,1268
0.5,0.1,0.1,0.01,0.003,2,0.46519694297472075,15.763054733276368,0,46711,0,846,47,1244
0.5,0.1,0.1,0.01,0.01,2,0.46519694297472075,15.75940640449524,0,46711,0,846,56,1235
0.5,0.1,0.1,0.01,0.03,2,0.46519694297472075,15.756801691055298,0,46711,0,846,63,1228
0.5,0.1,0.1,0.01,0.1,2,0.46519694297472075,15.763282508850098,0,46711,0,846,63,1228
0.5,0.1,0.1,0.01,0.3,2,0.46519694297472075,15.76263108253479,0,46711,0,846,64,1227
0.5,0.1,0.1,0.01,0.5,2,0.46519694297472075,15.762071285247803,0,46711,0,846,64,1227
0.5,0.1,0.1,0.03,0.001,2,0.46519694297472075,15.755851573944092,0,46711,0,1011,45,1081
0.5,0.1,0.1,0.03,0.003,2,0.46519694297472075,15.777416343688964,0,46711,0,1011,114,1012
0.5,0.1,0.1,0.03,0.01,2,0.46519694297472075,15.802176933288575,0,46711,0,1011,166,960
0.5,0.1,0.1,0.03,0.03,2,0.46519694297472075,15.73948800086975,0,46711,0,1011,197,929
0.5,0.1,0.1,0.03,0.1,2,0.46519694297472075,15.744310350418091,0,46711,0,1011,206,920
0.5,0.1,0.1,0.03,0.3,2,0.46519694297472075,15.74325982093811,0,46711,0,1011,207,919
0.5,0.1,0.1,0.03,0.5,2,0.46519694297472075,15.749324493408203,0,46711,0,1011,207,919
0.5,0.1,0.1,0.1,0.001,2,0.4605673133450911,15.764898242950439,0,46711,0,1069,54,1014
0.5,0.1,0.1,0.1,0.003,2,0.4605673133450911,15.917853498458863,0,46711,0,1069,153,915
0.5,0.1,0.1,0.1,0.01,2,0.4605673133450911,15.733583059310913,0,46711,0,1069,284,784
0.5,0.1,0.1,0.1,0.03,2,0.4605673133450911,15.753343648910523,0,46711,0,1069,402,666
0.5,0.1,0.1,0.1,0.1,2,0.4605673133450911,15.734212818145751,0,46711,0,1069,477,591
0.5,0.1,0.1,0.1,0.3,2,0.4605673133450911,15.72963038444519,0,46711,0,1069,505,563
0.5,0.1,0.1,0.1,0.5,2,0.4605673133450911,15.737917795181275,0,46711,0,1069,510,558
0.5,0.1,0.1,0.3,0.001,2,0.4605673133450911,15.800657920837402,0,46711,0,1087,54,996
0.5,0.1,0.1,0.3,0.003,2,0.4605673133450911,15.772989063262939,0,46711,0,1087,154,896
0.5,0.1,0.1,0.3,0.01,2,0.4605673133450911,15.75329092979431,0,46711,0,1087,295,755
0.5,0.1,0.1,0.3,0.03,2,0.4605673133450911,15.762224321365357,0,46711,0,1087,451,599
0.5,0.1,0.1,0.3,0.1,2,0.45902410346854794,15.740192937850953,0,46711,0,1087,610,440
0.5,0.1,0.1,0.3,0.3,2,0.45748089359200467,15.70949499130249,0,46711,0,1087,741,309
0.5,0.1,0.1,0.3,0.5,2,0.45748089359200467,15.875837764739991,0,46711,0,1087,782,268
0.5,0.1,0.1,0.5,0.001,2,0.4605673133450911,15.758905334472656,0,46711,0,1087,54,996
0.5,0.1,0.1,0.5,0.003,2,0.4605673133450911,15.764563884735107,0,46711,0,1087,154,896
0.5,0.1,0.1,0.5,0.01,2,0.4605673133450911,15.754058570861817,0,46711,0,1087,295,755
0.5,0.1,0.1,0.5,0.03,2,0.4605673133450911,15.74311743736267,0,46711,0,1087,452,598
0.5,0.1,0.1,0.5,0.1,2,0.45902410346854794,15.873234643936158,0,46711,0,1087,620,430
0.5,0.1,0.1,0.5,0.3,2,0.45748089359200467,15.732362213134765,0,46711,0,1087,791,259
0.5,0.1,0.1,0.5,0.5,2,0.45748089359200467,15.703430337905884,0,46711,0,1087,885,165
0.5,0.1,0.3,0.001,0.001,2,0.46519694297472075,15.857304315567017,0,46711,0,407,0,1730
0.5,0.1,0.3,0.001,0.003,2,0.46519694297472075,15.869760675430298,0,46711,0,407,0,1730
0.5,0.1,0.3,0.001,0.01,2,0.46519694297472075,15.869820175170899,0,46711,0,407,0,1730
0.5,0.1,0.3,0.001,0.03,2,0.46519694297472075,15.978717441558837,0,46711,0,407,0,1730
0.5,0.1,0.3,0.001,0.1,2,0.46519694297472075,15.859273614883422,0,46711,0,407,0,1730
0.5,0.1,0.3,0.001,0.3,2,0.46519694297472075,15.857167587280273,0,46711,0,407,0,1730
0.5,0.1,0.3,0.001,0.5,2,0.46519694297472075,15.849334716796875,0,46711,0,407,0,1730
0.5,0.1,0.3,0.003,0.001,2,0.46519694297472075,15.824628772735595,0,46711,0,616,1,1520
0.5,0.1,0.3,0.003,0.003,2,0.46519694297472075,15.831305360794067,0,46711,0,616,1,1520
0.5,0.1,0.3,0.003,0.01,2,0.46519694297472075,15.960179481506348,0,46711,0,616,1,1520
0.5,0.1,0.3,0.003,0.03,2,0.46519694297472075,15.817429695129395,0,46711,0,616,1,1520
0.5,0.1,0.3,0.003,0.1,2,0.46519694297472075,15.84025396347046,0,46711,0,616,1,1520
0.5,0.1,0.3,0.003,0.3,2,0.46519694297472075,15.814182720184327,0,46711,0,616,1,1520
0.5,0.1,0.3,0.003,0.5,2,0.46519694297472075,15.831134452819825,0,46711,0,616,1,1520
0.5,0.1,0.3,0.01,0.001,2,0.46519694297472075,15.729641618728637,0,46711,0,905,2,1230
0.5,0.1,0.3,0.01,0.003,2,0.46519694297472075,15.774586219787597,0,46711,0,905,3,1229
0.5,0.1,0.3,0.01,0.01,2,0.46519694297472075,15.732458562850953,0,46711,0,905,5,1227
0.5,0.1,0.3,0.01,0.03,2,0.46519694297472075,15.737152290344238,0,46711,0,905,5,1227
0.5,0.1,0.3,0.01,0.1,2,0.46519694297472075,15.729965162277221,0,46711,0,905,5,1227
0.5,0.1,0.3,0.01,0.3,2,0.46519694297472075,15.730743312835694,0,46711,0,905,5,1227
0.5,0.1,0.3,0.01,0.5,2,0.46519694297472075,15.725815639495849,0,46711,0,905,5,1227
0.5,0.1,0.3,0.03,0.001,2,0.46519694297472075,15.829948234558106,0,46711,0,1202,5,930
0.5,0.1,0.3,0.03,0.003,2,0.46519694297472075,15.682892780303956,0,46711,0,1202,8,927
0.5,0.1,0.3,0.03,0.01,2,0.46519694297472075,15.672294683456421,0,46711,0,1202,14,921
0.5,0.1,0.3,0.03,0.03,2,0.46519694297472075,15.678837766647339,0,46711,0,1202,16,919
0.5,0.1,0.3,0.03,0.1,2,0.46519694297472075,15.675548486709594,0,46711,0,1202,16,919
0.5,0.1,0.3,0.03,0.3,2,0.46519694297472075,15.674471044540406,0,46711,0,1202,16,919
0.5,0.1,0.3,0.03,0.5,2,0.46519694297472075,15.717082929611205,0,46711,0,1202,16,919
0.5,0.1,0.3,0.1,0.001,2,0.4605673133450911,15.536607990264892,0,46711,0,1493,7,637
0.5,0.1,0.3,0.1,0.003,2,0.4605673133450911,15.549668798446655,0,46711,0,1493,15,629
0.5,0.1,0.3,0.1,0.01,2,0.4605673133450911,15.545193605422973,0,46711,0,1493,41,603
0.5,0.1,0.3,0.1,0.03,2,0.4605673133450911,15.56272096633911,0,46711,0,1493,61,583
0.5,0.1,0.3,0.1,0.1,2,0.4605673133450911,15.722873344421387,0,46711,0,1493,77,567
0.5,0.1,0.3,0.1,0.3,2,0.4605673133450911,15.572288665771485,0,46711,0,1493,85,559
0.5,0.1,0.3,0.1,0.5,2,0.4605673133450911,15.570738935470581,0,46711,0,1493,86,558
0.5,0.1,0.3,0.3,0.001,2,0.4497648442092887,15.44707329750061,0,46711,0,1646,7,484
0.5,0.1,0.3,0.3,0.003,2,0.4497648442092887,15.456604232788086,0,46711,0,1646,15,476
0.5,0.1,0.3,0.3,0.01,2,0.4497648442092887,15.480898914337159,0,46711,0,1646,46,445
0.5,0.1,0.3,0.3,0.03,2,0.4497648442092887,15.589946823120117,0,46711,0,1646,86,405
0.5,0.1,0.3,0.3,0.1,2,0.4482216343327454,15.489906873703003,0,46711,0,1646,146,345
0.5,0.1,0.3,0.3,0.3,2,0.4482216343327454,15.474143438339233,0,46711,0,1646,206,285
0.5,0.1,0.3,0.3,0.5,2,0.4482216343327454,15.472956533432006,0,46711,0,1646,226,265
0.5,0.1,0.3,0.5,0.001,2,0.4497648442092887,15.471644086837768,0,46711,0,1661,7,469
0.5,0.1,0.3,0.5,0.003,2,0.4497648442092887,15.667611141204834,0,46711,0,1661,15,461
0.5,0.1,0.3,0.5,0.01,2,0.4497648442092887,15.475980167388917,0,46711,0,1661,46,430
0.5,0.1,0.3,0.5,0.03,2,0.4497648442092887,15.48342848777771,0,46711,0,1661,87,389
0.5,0.1,0.3,0.5,0.1,2,0.4482216343327454,15.489824256896974,0,46711,0,1661,152,324
0.5,0.1,0.3,0.5,0.3,2,0.4482216343327454,15.493189115524292,0,46711,0,1661,248,228
0.5,0.1,0.3,0.5,0.5,2,0.4482216343327454,15.616455945968628,0,46711,0,1661,316,160
0.5,0.1,0.5,0.001,0.001,2,0.46519694297472075,15.860879945755006,0,46711,0,407,0,1730
0.5,0.1,0.5,0.001,0.003,2,0.46519694297472075,15.857502651214599,0,46711,0,407,0,1730
0.5,0.1,0.5,0.001,0.01,2,0.46519694297472075,15.863662033081054,0,46711,0,407,0,1730
0.5,0.1,0.5,0.001,0.03,2,0.46519694297472075,15.869590721130372,0,46711,0,407,0,1730
0.5,0.1,0.5,0.001,0.1,2,0.46519694297472075,15.874397115707398,0,46711,0,407,0,1730
0.5,0.1,0.5,0.001,0.3,2,0.46519694297472075,15.947070112228394,0,46711,0,407,0,1730
0.5,0.1,0.5,0.001,0.5,2,0.46519694297472075,15.85980068206787,0,46711,0,407,0,1730
0.5,0.1,0.5,0.003,0.001,2,0.46519694297472075,15.796814794540404,0,46711,0,617,0,1520
0.5,0.1,0.5,0.003,0.003,2,0.46519694297472075,15.829958086013795,0,46711,0,617,0,1520
0.5,0.1,0.5,0.003,0.01,2,0.46519694297472075,15.822363758087159,0,46711,0,617,0,1520
0.5,0.1,0.5,0.003,0.03,2,0.46519694297472075,15.809504976272583,0,46711,0,617,0,1520
0.5,0.1,0.5,0.003,0.1,2,0.46519694297472075,15.81796992301941,0,46711,0,617,0,1520
0.5,0.1,0.5,0.003,0.3,2,0.46519694297472075,15.815781478881837,0,46711,0,617,0,1520
0.5,0.1,0.5,0.003,0.5,2,0.46519694297472075,15.809974355697632,0,46711,0,617,0,1520
0.5,0.1,0.5,0.01,0.001,2,0.46519694297472075,15.707230167388916,0,46711,0,910,0,1227
0.5,0.1,0.5,0.01,0.003,2,0.46519694297472075,15.705102138519287,0,46711,0,910,0,1227
0.5,0.1,0.5,0.01,0.01,2,0.46519694297472075,15.702237071990966,0,46711,0,910,0,1227
0.5,0.1,0.5,0.01,0.03,2,0.46519694297472075,15.781681308746338,0,46711,0,910,0,1227
0.5,0.1,0.5,0.01,0.1,2,0.46519694297472075,15.701608066558839,0,46711,0,910,0,1227
0.5,0.1,0.5,0.01,0.3,2,0.46519694297472075,15.70380256652832,0,46711,0,910,0,1227
0.5,0.1,0.5,0.01,0.5,2,0.46519694297472075,15.72514362335205,0,46711,0,910,0,1227
0.5,0.1,0.5,0.03,0.001,2,0.46519694297472075,15.646089305877686,0,46711,0,1218,0,919
0.5,0.1,0.5,0.03,0.003,2,0.46519694297472075,15.804286479949951,0,46711,0,1218,0,919
0.5,0.1,0.5,0.03,0.01,2,0.46519694297472075,15.683277473449706,0,46711,0,1218,0,919
0.5,0.1,0.5,0.03,0.03,2,0.46519694297472075,15.645852775573731,0,46711,0,1218,0,919
0.5,0.1,0.5,0.03,0.1,2,0.46519694297472075,15.644618911743164,0,46711,0,1218,0,919
0.5,0.1,0.5,0.03,0.3,2,0.46519694297472075,15.646108102798461,0,46711,0,1218,0,919
0.5,0.1,0.5,0.03,0.5,2,0.46519694297472075,15.659301137924194,0,46711,0,1218,0,919
0.5,0.1,0.5,0.1,0.001,2,0.4605673133450911,15.509148387908935,0,46711,0,1571,0,566
0.5,0.1,0.5,0.1,0.003,2,0.4605673133450911,15.574949417114258,0,46711,0,1571,1,565
0.5,0.1,0.5,0.1,0.01,2,0.4605673133450911,15.5256764793396,0,46711,0,1571,5,561
0.5,0.1,0.5,0.1,0.03,2,0.4605673133450911,15.52402087211609,0,46711,0,1571,7,559
0.5,0.1,0.5,0.1,0.1,2,0.4605673133450911,15.511117744445801,0,46711,0,1571,8,558
0.5,0.1,0.5,0.1,0.3,2,0.4605673133450911,15.531226892471313,0,46711,0,1571,8,558
0.5,0.1,0.5,0.1,0.5,2,0.4605673133450911,15.594596157073974,0,46711,0,1571,8,558
0.5,0.1,0.5,0.3,0.001,2,0.45130805408583186,15.391540718078613,0,46711,0,1836,0,301
0.5,0.1,0.5,0.3,0.003,2,0.45130805408583186,15.408655948638916,0,46711,0,1836,1,300
0.5,0.1,0.5,0.3,0.01,2,0.45130805408583186,15.412054405212402,0,46711,0,1836,5,296
0.5,0.1,0.5,0.3,0.03,2,0.45130805408583186,15.4071036529541,0,46711,0,1836,11,290
0.5,0.1,0.5,0.3,0.1,2,0.4497648442092887,15.49535545349121,0,46711,0,1836,23,278
0.5,0.1,0.5,0.3,0.3,2,0.4497648442092887,15.41734206199646,0,46711,0,1836,33,268
0.5,0.1,0.5,0.3,0.5,2,0.4497648442092887,15.416599988937378,0,46711,0,1836,37,264
0.5,0.1,0.5,0.5,0.001,2,0.4605673133450911,15.393234176635742,0,46711,0,1915,0,222
0.5,0.1,0.5,0.5,0.003,2,0.4605673133450911,15.392725133895874,0,46711,0,1915,1,221
0.5,0.1,0.5,0.5,0.01,2,0.4605673133450911,15.455662460327149,0,46711,0,1915,5,217
0.5,0.1,0.5,0.5,0.03,2,0.4605673133450911,15.39275650024414,0,46711,0,1915,11,211
0.5,0.1,0.5,0.5,0.1,2,0.45902410346854794,15.405204515457154,0,46711,0,1915,27,195
0.5,0.1,0.5,0.5,0.3,2,0.45902410346854794,15.402822122573852,0,46711,0,1915,52,170
0.5,0.1,0.5,0.5,0.5,2,0.4497648442092887,15.39742974281311,0,46711,0,1915,80,142
